customer_id,date,amount
C039,2026-01-24 12:32:02.405784,171
C042,2026-01-01 12:32:02.405980,174
C059,2026-01-21 12:32:02.406118,260
C034,2026-01-11 12:32:02.406274,211
C046,2026-01-20 12:32:02.406409,279
C092,2026-01-22 12:32:02.406539,367
C016,2026-01-19 12:32:02.406663,341
C069,2026-01-09 12:32:02.406788,146
C005,2026-01-06 12:32:02.406912,457
C066,2026-01-23 12:32:02.407036,447
C035,2026-01-01 12:32:02.407157,142
C009,2026-01-29 12:32:02.407295,442
C087,2026-01-11 12:32:02.407419,463
C020,2026-01-11 12:32:02.407542,137
C025,2026-01-21 12:32:02.407664,259
C048,2025-12-31 12:32:02.407785,168
C076,2026-01-07 12:32:02.407904,161
C031,2026-01-04 12:32:02.408026,437
C001,2026-01-07 12:32:02.408348,200
C020,2026-01-02 12:32:02.408498,112
C031,2026-01-19 12:32:02.408705,478
C022,2026-01-21 12:32:02.408971,305
C045,2026-01-20 12:32:02.409113,125
C001,2026-01-02 12:32:02.409242,171
C040,2026-01-10 12:32:02.409470,405
C031,2026-01-01 12:32:02.409609,210
C026,2026-01-10 12:32:02.409737,250
C066,2026-01-14 12:32:02.409863,449
C004,2026-01-01 12:32:02.409987,389
C051,2026-01-01 12:32:02.410112,216
C086,2026-01-15 12:32:02.410234,467
C095,2026-01-05 12:32:02.410378,487
C023,2026-01-25 12:32:02.410500,421
C028,2026-01-15 12:32:02.410646,109
C064,2026-01-13 12:32:02.410768,390
C083,2026-01-13 12:32:02.410889,376
C087,2026-01-20 12:32:02.411115,296
C007,2026-01-15 12:32:02.411165,162
C015,2026-01-04 12:32:02.411212,488
C003,2026-01-05 12:32:02.411274,385
C016,2026-01-11 12:32:02.411331,467
C053,2026-01-16 12:32:02.411378,360
C028,2026-01-05 12:32:02.411425,206
C044,2026-01-13 12:32:02.411470,447
C070,2026-01-24 12:32:02.411516,402
C026,2026-01-20 12:32:02.411561,304
C041,2026-01-28 12:32:02.411626,170
C033,2026-01-08 12:32:02.411686,120
C020,2026-01-10 12:32:02.411732,333
C033,2026-01-10 12:32:02.411777,328
C016,2026-01-11 12:32:02.411822,132
C081,2026-01-26 12:32:02.411868,397
C031,2026-01-01 12:32:02.411912,275
C011,2026-01-14 12:32:02.411958,327
C001,2026-01-12 12:32:02.412004,180
C088,2026-01-17 12:32:02.412049,259
C014,2026-01-11 12:32:02.412105,194
C087,2026-01-13 12:32:02.412179,184
C011,2026-01-02 12:32:02.412226,398
C047,2026-01-20 12:32:02.412304,258
C032,2026-01-19 12:32:02.412351,325
C050,2026-01-09 12:32:02.412396,223
C009,2026-01-15 12:32:02.412441,462
C071,2026-01-07 12:32:02.412493,279
C061,2026-01-18 12:32:02.412538,499
C005,2026-01-02 12:32:02.412584,229
C064,2026-01-02 12:32:02.412630,469
C060,2025-12-31 12:32:02.412675,281
C065,2026-01-02 12:32:02.412720,343
C071,2026-01-26 12:32:02.412766,479
C032,2026-01-09 12:32:02.412811,137
C076,2026-01-12 12:32:02.412857,432
C048,2025-12-31 12:32:02.412902,303
C015,2026-01-19 12:32:02.412947,280
C095,2026-01-26 12:32:02.412992,318
C056,2026-01-20 12:32:02.413067,144
C047,2026-01-09 12:32:02.413116,290
C010,2026-01-12 12:32:02.413162,146
C050,2026-01-13 12:32:02.413218,487
C091,2026-01-18 12:32:02.413286,204
C056,2026-01-26 12:32:02.413332,295
C038,2025-12-31 12:32:02.413378,300
C045,2026-01-14 12:32:02.413423,124
C004,2026-01-16 12:32:02.413468,486
C092,2026-01-11 12:32:02.413513,107
C004,2026-01-09 12:32:02.413558,457
C072,2026-01-05 12:32:02.413603,420
C007,2026-01-07 12:32:02.413648,244
C029,2026-01-08 12:32:02.413699,183
C091,2026-01-10 12:32:02.413745,124
C075,2026-01-17 12:32:02.413790,321
C099,2026-01-02 12:32:02.413835,457
C051,2026-01-17 12:32:02.413879,409
C025,2026-01-26 12:32:02.413939,351
C078,2026-01-01 12:32:02.413988,176
C093,2026-01-22 12:32:02.414045,294
C032,2026-01-15 12:32:02.414091,458
C086,2026-01-20 12:32:02.414135,464
C082,2026-01-18 12:32:02.414179,272
C045,2026-01-18 12:32:02.414224,474
C002,2026-01-29 12:32:02.414298,356
C034,2026-01-21 12:32:02.414362,466
C009,2026-01-11 12:32:02.414408,297
C049,2026-01-24 12:32:02.414453,255
C094,2026-01-09 12:32:02.414498,451
C021,2026-01-13 12:32:02.414542,120
C078,2026-01-27 12:32:02.414587,158
C036,2026-01-19 12:32:02.414631,399
C046,2026-01-19 12:32:02.414676,135
C039,2026-01-28 12:32:02.414721,302
C090,2026-01-16 12:32:02.414776,458
C041,2026-01-06 12:32:02.414821,316
C063,2026-01-04 12:32:02.414866,326
C054,2026-01-01 12:32:02.414910,222
C090,2026-01-28 12:32:02.414955,467
C071,2026-01-14 12:32:02.415000,236
C058,2026-01-04 12:32:02.415044,383
C049,2026-01-11 12:32:02.415089,126
C038,2026-01-14 12:32:02.415134,401
C009,2026-01-01 12:32:02.415179,261
C091,2026-01-15 12:32:02.415224,264
C046,2026-01-12 12:32:02.415290,327
C058,2026-01-21 12:32:02.415339,415
C065,2026-01-07 12:32:02.415402,498
C076,2026-01-04 12:32:02.415458,159
C073,2026-01-19 12:32:02.415503,407
C037,2026-01-27 12:32:02.415548,407
C011,2026-01-20 12:32:02.415593,488
C039,2026-01-12 12:32:02.415638,410
C074,2026-01-05 12:32:02.415684,338
C056,2026-01-28 12:32:02.415733,297
C014,2026-01-07 12:32:02.415779,440
C047,2026-01-27 12:32:02.415824,291
C009,2026-01-19 12:32:02.415868,412
C078,2026-01-14 12:32:02.415913,344
C035,2026-01-19 12:32:02.415958,330
C071,2026-01-10 12:32:02.416002,329
C034,2026-01-18 12:32:02.416047,421
C070,2026-01-10 12:32:02.416092,114
C035,2026-01-25 12:32:02.416136,354
C080,2026-01-15 12:32:02.416181,466
C041,2025-12-31 12:32:02.416226,188
C018,2026-01-19 12:32:02.416295,244
C090,2026-01-05 12:32:02.416351,349
C100,2026-01-19 12:32:02.416397,243
C033,2026-01-09 12:32:02.416441,407
C038,2026-01-09 12:32:02.416513,467
C039,2026-01-13 12:32:02.416581,266
C056,2026-01-10 12:32:02.416632,100
C087,2026-01-21 12:32:02.416678,132
C054,2026-01-05 12:32:02.416723,376
C074,2026-01-22 12:32:02.416768,140
C020,2026-01-25 12:32:02.416813,429
C061,2026-01-25 12:32:02.416858,244
C038,2026-01-27 12:32:02.416914,248
C097,2026-01-14 12:32:02.416962,299
C088,2026-01-22 12:32:02.417018,217
C040,2026-01-27 12:32:02.417063,461
C003,2026-01-25 12:32:02.417108,156
C037,2026-01-05 12:32:02.417152,178
C087,2026-01-12 12:32:02.417197,246
C054,2026-01-29 12:32:02.417242,452
C039,2026-01-15 12:32:02.417321,147
C018,2026-01-11 12:32:02.417366,182
C027,2026-01-13 12:32:02.417530,373
C026,2026-01-24 12:32:02.417581,393
C037,2026-01-10 12:32:02.417641,372
C098,2026-01-20 12:32:02.417698,166
C096,2026-01-09 12:32:02.417743,110
C035,2026-01-04 12:32:02.417788,488
C041,2026-01-25 12:32:02.417833,320
C028,2026-01-16 12:32:02.417878,119
C093,2026-01-19 12:32:02.417924,381
C022,2026-01-14 12:32:02.417973,416
C023,2026-01-19 12:32:02.418018,489
C099,2026-01-09 12:32:02.418063,276
C015,2026-01-12 12:32:02.418108,263
C036,2026-01-29 12:32:02.418153,396
C050,2026-01-09 12:32:02.418197,245
C041,2026-01-11 12:32:02.418242,461
C033,2026-01-18 12:32:02.418320,482
C069,2026-01-04 12:32:02.418365,166
C052,2026-01-06 12:32:02.418409,175
C041,2026-01-14 12:32:02.418454,493
C009,2026-01-09 12:32:02.418499,377
C064,2026-01-01 12:32:02.418549,355
C096,2026-01-29 12:32:02.418593,178
C077,2026-01-17 12:32:02.418638,290
C077,2026-01-07 12:32:02.418683,421
C032,2025-12-31 12:32:02.418740,290
C097,2026-01-03 12:32:02.418796,143
C035,2026-01-14 12:32:02.418841,105
C036,2026-01-15 12:32:02.418886,106
C030,2026-01-11 12:32:02.418931,401
C081,2026-01-02 12:32:02.418975,155
C055,2026-01-27 12:32:02.419020,205
C052,2026-01-09 12:32:02.419065,369
C023,2026-01-23 12:32:02.419109,480
C075,2026-01-03 12:32:02.419154,407
C061,2026-01-22 12:32:02.419198,395
C084,2026-01-08 12:32:02.419243,211
C019,2026-01-14 12:32:02.419310,181
C098,2026-01-17 12:32:02.419360,298
C022,2026-01-06 12:32:02.419419,483
C065,2026-01-07 12:32:02.419482,263
C016,2026-01-28 12:32:02.419528,101
C049,2026-01-23 12:32:02.419573,140
C076,2025-12-31 12:32:02.419618,396
C051,2026-01-23 12:32:02.419662,191
C049,2026-01-20 12:32:02.419707,120
C079,2026-01-17 12:32:02.419751,149
C018,2026-01-01 12:32:02.419813,184
C080,2026-01-16 12:32:02.419885,374
C028,2026-01-16 12:32:02.419935,213
C061,2026-01-23 12:32:02.419981,149
C062,2026-01-06 12:32:02.420026,460
C057,2026-01-24 12:32:02.420078,333
C064,2026-01-28 12:32:02.420125,323
C041,2026-01-09 12:32:02.420171,443
C012,2026-01-19 12:32:02.420216,433
C091,2026-01-25 12:32:02.420280,401
C071,2026-01-13 12:32:02.420337,222
C019,2026-01-24 12:32:02.420382,326
C075,2026-01-08 12:32:02.420427,311
C067,2026-01-24 12:32:02.420472,447
C084,2026-01-22 12:32:02.420518,350
C065,2026-01-11 12:32:02.420563,340
C058,2026-01-20 12:32:02.420609,362
C049,2026-01-01 12:32:02.420660,155
C082,2026-01-13 12:32:02.420706,462
C014,2026-01-20 12:32:02.420752,419
C029,2026-01-08 12:32:02.420808,323
C081,2026-01-28 12:32:02.420864,246
C083,2025-12-31 12:32:02.420910,405
C033,2026-01-02 12:32:02.420961,266
C032,2026-01-15 12:32:02.421006,259
C045,2026-01-06 12:32:02.421052,274
C008,2025-12-31 12:32:02.421097,121
C041,2026-01-21 12:32:02.421141,171
C010,2026-01-11 12:32:02.421186,146
C076,2026-01-03 12:32:02.421231,269
C080,2026-01-18 12:32:02.421307,164
C053,2026-01-28 12:32:02.421353,156
C068,2026-01-09 12:32:02.421408,180
C071,2026-01-07 12:32:02.421456,443
C001,2025-12-31 12:32:02.421500,348
C043,2026-01-01 12:32:02.421545,422
C029,2026-01-07 12:32:02.421591,421
C076,2026-01-13 12:32:02.421635,486
C011,2026-01-28 12:32:02.421679,223
C099,2026-01-01 12:32:02.421724,271
C078,2026-01-09 12:32:02.421769,234
C029,2025-12-31 12:32:02.421813,315
C011,2026-01-25 12:32:02.421858,376
C071,2026-01-10 12:32:02.421916,369
C041,2026-01-22 12:32:02.421973,318
C059,2026-01-26 12:32:02.422018,485
C078,2026-01-09 12:32:02.422063,450
C014,2026-01-22 12:32:02.422112,305
C025,2026-01-01 12:32:02.422159,126
C065,2026-01-02 12:32:02.422203,313
C042,2026-01-27 12:32:02.422268,484
C021,2025-12-31 12:32:02.422327,279
C049,2026-01-29 12:32:02.422378,249
C040,2026-01-15 12:32:02.422423,458
C079,2026-01-17 12:32:02.422468,306
C029,2026-01-18 12:32:02.422513,155
C046,2026-01-18 12:32:02.422557,382
C092,2026-01-29 12:32:02.422602,246
C048,2026-01-26 12:32:02.422647,318
C017,2026-01-07 12:32:02.422692,494
C084,2026-01-25 12:32:02.422737,199
C017,2026-01-15 12:32:02.422782,463
C031,2026-01-13 12:32:02.422827,238
C023,2026-01-26 12:32:02.422872,155
C010,2025-12-31 12:32:02.422917,355
C078,2026-01-18 12:32:02.422963,369
C079,2026-01-02 12:32:02.423022,344
C049,2026-01-21 12:32:02.423080,380
C032,2026-01-21 12:32:02.423144,373
C012,2026-01-20 12:32:02.423196,304
C095,2026-01-17 12:32:02.423242,382
C069,2026-01-13 12:32:02.423311,380
C058,2026-01-16 12:32:02.423368,392
C042,2026-01-12 12:32:02.423414,260
C041,2026-01-27 12:32:02.423460,392
C016,2026-01-28 12:32:02.423505,194
C032,2026-01-08 12:32:02.423550,227
C027,2026-01-24 12:32:02.423595,309
C016,2026-01-15 12:32:02.423639,377
C091,2026-01-23 12:32:02.423684,403
C032,2026-01-01 12:32:02.423736,298
C092,2026-01-29 12:32:02.423781,208
C011,2026-01-20 12:32:02.423826,380
C024,2026-01-27 12:32:02.423871,352
C068,2025-12-31 12:32:02.423916,364
C088,2026-01-14 12:32:02.423961,203
C017,2026-01-25 12:32:02.424006,333
C068,2026-01-18 12:32:02.424052,466
C086,2026-01-08 12:32:02.424108,350
C093,2026-01-12 12:32:02.424191,348
C023,2026-01-18 12:32:02.424245,363
C085,2026-01-02 12:32:02.424315,201
C075,2026-01-15 12:32:02.424361,369
C007,2026-01-21 12:32:02.424406,167
C067,2026-01-08 12:32:02.424451,236
C052,2026-01-26 12:32:02.424496,271
C047,2026-01-10 12:32:02.424541,138
C087,2026-01-17 12:32:02.424587,207
C058,2026-01-07 12:32:02.424633,176
C025,2026-01-22 12:32:02.424678,298
C013,2026-01-06 12:32:02.424723,479
C093,2026-01-28 12:32:02.424768,333
C099,2026-01-08 12:32:02.424823,360
C003,2026-01-19 12:32:02.424881,463
C041,2026-01-04 12:32:02.424926,176
C006,2026-01-10 12:32:02.424971,253
C018,2026-01-27 12:32:02.425017,331
C048,2026-01-10 12:32:02.425069,363
C050,2026-01-26 12:32:02.425114,255
C064,2026-01-04 12:32:02.425159,110
C027,2026-01-17 12:32:02.425204,466
C088,2026-01-21 12:32:02.425266,493
C053,2026-01-19 12:32:02.425327,285
C013,2026-01-07 12:32:02.425373,244
C097,2026-01-12 12:32:02.425418,196
C069,2026-01-07 12:32:02.425463,404
C080,2026-01-17 12:32:02.425507,172
C071,2026-01-03 12:32:02.425553,163
C068,2025-12-31 12:32:02.425598,167
C029,2025-12-31 12:32:02.425643,399
C030,2026-01-08 12:32:02.425688,488
C031,2026-01-01 12:32:02.425733,207
C051,2026-01-18 12:32:02.425779,245
C061,2026-01-04 12:32:02.425824,132
C059,2026-01-08 12:32:02.425868,348
C064,2026-01-13 12:32:02.425914,203
C071,2026-01-11 12:32:02.425958,359
C090,2026-01-06 12:32:02.426003,282
C095,2026-01-08 12:32:02.426049,484
C022,2026-01-13 12:32:02.426094,141
C097,2026-01-18 12:32:02.426139,337
C055,2026-01-10 12:32:02.426204,339
C093,2026-01-17 12:32:02.426289,336
C056,2026-01-09 12:32:02.426337,413
C022,2026-01-08 12:32:02.426384,252
C022,2026-01-24 12:32:02.426430,129
C037,2025-12-31 12:32:02.426475,138
C082,2026-01-17 12:32:02.426521,111
C029,2026-01-03 12:32:02.426566,354
C083,2026-01-06 12:32:02.426612,404
C083,2026-01-21 12:32:02.426657,333
C069,2026-01-24 12:32:02.426703,274
C077,2026-01-09 12:32:02.426749,290
C033,2026-01-24 12:32:02.426795,234
C019,2026-01-27 12:32:02.426844,258
C064,2026-01-26 12:32:02.426890,418
C026,2026-01-26 12:32:02.426935,178
C014,2026-01-27 12:32:02.426981,277
C080,2026-01-21 12:32:02.427026,415
C084,2025-12-31 12:32:02.427071,184
C010,2026-01-18 12:32:02.427116,241
C005,2026-01-09 12:32:02.427161,382
C048,2026-01-11 12:32:02.427205,182
C071,2026-01-24 12:32:02.427266,343
C017,2026-01-24 12:32:02.427336,146
C001,2026-01-16 12:32:02.427396,162
C005,2026-01-06 12:32:02.427441,345
C045,2026-01-22 12:32:02.427486,209
C032,2026-01-16 12:32:02.427531,374
C092,2026-01-24 12:32:02.427576,223
C099,2026-01-18 12:32:02.427621,198
C067,2026-01-02 12:32:02.427666,407
C093,2026-01-09 12:32:02.427712,458
C087,2026-01-24 12:32:02.427757,346
C065,2026-01-19 12:32:02.427801,448
C057,2026-01-18 12:32:02.427846,212
C011,2026-01-19 12:32:02.427891,411
C053,2026-01-29 12:32:02.427937,365
C079,2026-01-29 12:32:02.427983,434
C068,2026-01-11 12:32:02.428028,271
C060,2026-01-13 12:32:02.428073,348
C093,2026-01-14 12:32:02.428118,266
C064,2026-01-08 12:32:02.428163,219
C082,2026-01-28 12:32:02.428208,276
C053,2026-01-20 12:32:02.428272,184
C034,2026-01-15 12:32:02.428328,149
C041,2026-01-08 12:32:02.428379,435
C056,2026-01-18 12:32:02.428431,384
C012,2026-01-28 12:32:02.428499,130
C072,2026-01-01 12:32:02.428545,243
C054,2026-01-23 12:32:02.428590,210
C070,2026-01-06 12:32:02.428635,450
C091,2026-01-03 12:32:02.428679,100
C006,2026-01-27 12:32:02.428724,376
C045,2026-01-11 12:32:02.428769,125
C029,2026-01-09 12:32:02.428814,292
C037,2026-01-28 12:32:02.428859,268
C097,2026-01-23 12:32:02.428904,462
C014,2026-01-23 12:32:02.428949,123
C092,2026-01-20 12:32:02.428995,226
C005,2026-01-21 12:32:02.429040,479
C060,2026-01-11 12:32:02.429085,123
C046,2026-01-04 12:32:02.429136,443
C021,2026-01-21 12:32:02.429182,173
C090,2026-01-21 12:32:02.429226,256
C010,2025-12-31 12:32:02.429306,338
C080,2026-01-27 12:32:02.429353,369
C038,2026-01-13 12:32:02.429398,108
C012,2026-01-15 12:32:02.429443,341
C004,2026-01-26 12:32:02.429500,147
C079,2025-12-31 12:32:02.429568,273
C054,2026-01-19 12:32:02.429614,268
C035,2026-01-22 12:32:02.429659,127
C013,2026-01-23 12:32:02.429704,270
C041,2026-01-22 12:32:02.429749,429
C072,2026-01-12 12:32:02.429794,407
C039,2026-01-06 12:32:02.429839,182
C051,2026-01-15 12:32:02.429884,470
C072,2026-01-03 12:32:02.429935,388
C083,2026-01-28 12:32:02.429981,348
C004,2026-01-16 12:32:02.430026,396
C031,2026-01-09 12:32:02.430078,308
C015,2026-01-27 12:32:02.430123,174
C008,2026-01-11 12:32:02.430168,390
C012,2026-01-05 12:32:02.430213,331
C027,2026-01-08 12:32:02.430278,234
C054,2026-01-09 12:32:02.430335,190
C049,2026-01-20 12:32:02.430385,287
C066,2026-01-09 12:32:02.430432,205
C022,2026-01-20 12:32:02.430477,130
C019,2026-01-23 12:32:02.430522,133
C032,2026-01-02 12:32:02.430567,265
C048,2026-01-17 12:32:02.430613,424
C004,2026-01-01 12:32:02.430658,426
C038,2026-01-10 12:32:02.430703,385
C037,2026-01-05 12:32:02.430748,307
C078,2026-01-08 12:32:02.430794,327
C092,2026-01-18 12:32:02.430839,293
C016,2026-01-06 12:32:02.430883,312
C008,2026-01-24 12:32:02.430928,443
C100,2026-01-02 12:32:02.430974,232
C009,2026-01-24 12:32:02.431018,310
C019,2026-01-26 12:32:02.431063,465
C017,2025-12-31 12:32:02.431108,195
C017,2026-01-27 12:32:02.431152,316
C056,2026-01-13 12:32:02.431197,174
C002,2026-01-26 12:32:02.431241,295
C089,2026-01-25 12:32:02.431319,332
C082,2026-01-03 12:32:02.431364,410
C025,2026-01-20 12:32:02.431409,169
C015,2026-01-28 12:32:02.431458,105
C071,2026-01-19 12:32:02.431510,375
C082,2026-01-09 12:32:02.431555,198
C057,2026-01-19 12:32:02.431622,108
C072,2026-01-27 12:32:02.431667,412
C091,2026-01-29 12:32:02.431712,108
C077,2026-01-26 12:32:02.431757,478
C024,2026-01-29 12:32:02.431803,374
C014,2026-01-15 12:32:02.431847,229
C033,2026-01-09 12:32:02.431918,182
C046,2026-01-07 12:32:02.431973,289
C098,2026-01-12 12:32:02.432018,412
C025,2026-01-07 12:32:02.432063,141
C086,2026-01-04 12:32:02.432108,387
C021,2026-01-10 12:32:02.432152,161
C027,2026-01-02 12:32:02.432197,440
C020,2026-01-26 12:32:02.432242,453
C064,2026-01-10 12:32:02.432322,151
C077,2026-01-24 12:32:02.432367,178
C008,2026-01-10 12:32:02.432417,208
C089,2026-01-05 12:32:02.432462,373
C055,2026-01-07 12:32:02.432507,146
C016,2026-01-09 12:32:02.432551,186
C099,2026-01-22 12:32:02.432596,246
C060,2026-01-25 12:32:02.432641,164
C013,2026-01-07 12:32:02.432715,431
C037,2026-01-11 12:32:02.432775,350
C026,2026-01-29 12:32:02.432820,490
C068,2026-01-24 12:32:02.432865,232
C091,2026-01-05 12:32:02.432910,479
C050,2026-01-10 12:32:02.432955,125
C100,2025-12-31 12:32:02.433000,249
C089,2026-01-02 12:32:02.433051,325
C024,2026-01-08 12:32:02.433097,437
C064,2026-01-07 12:32:02.433142,169
C079,2026-01-10 12:32:02.433187,237
C058,2026-01-18 12:32:02.433232,272
C085,2026-01-13 12:32:02.433315,248
C008,2026-01-22 12:32:02.433360,356
C041,2026-01-22 12:32:02.433405,134
C001,2026-01-13 12:32:02.433450,361
C071,2026-01-15 12:32:02.433495,425
C029,2026-01-26 12:32:02.433540,225
C056,2026-01-12 12:32:02.433585,487
C059,2026-01-25 12:32:02.433630,366
C055,2026-01-05 12:32:02.433675,344
C079,2026-01-18 12:32:02.433720,133
C035,2026-01-06 12:32:02.433765,453
C038,2026-01-29 12:32:02.433810,438
C030,2026-01-05 12:32:02.433854,417
C050,2026-01-02 12:32:02.433899,458
C072,2026-01-02 12:32:02.433950,439
C083,2026-01-12 12:32:02.433995,332
C023,2026-01-15 12:32:02.434041,487
C087,2026-01-06 12:32:02.434086,281
C039,2026-01-24 12:32:02.434131,138
C044,2026-01-27 12:32:02.434175,249
C076,2025-12-31 12:32:02.434220,187
C066,2026-01-02 12:32:02.434284,424
C049,2026-01-06 12:32:02.434341,331
C041,2026-01-07 12:32:02.434386,150
C047,2026-01-29 12:32:02.434430,153
C026,2025-12-31 12:32:02.434480,191
C038,2026-01-02 12:32:02.434526,370
C061,2026-01-27 12:32:02.434572,457
C085,2026-01-20 12:32:02.434616,167
C010,2026-01-20 12:32:02.434661,157
C004,2026-01-02 12:32:02.434706,426
C096,2026-01-06 12:32:02.434751,149
C071,2026-01-07 12:32:02.434807,335
C012,2026-01-05 12:32:02.434865,272
C009,2026-01-07 12:32:02.434910,442
C086,2026-01-21 12:32:02.434955,324
C087,2026-01-02 12:32:02.435000,405
C083,2026-01-18 12:32:02.435072,437
C012,2026-01-25 12:32:02.435120,296
C074,2026-01-12 12:32:02.435165,319
C085,2026-01-20 12:32:02.435210,296
C041,2026-01-15 12:32:02.435272,213
C084,2026-01-12 12:32:02.435330,314
C034,2026-01-16 12:32:02.435374,132
C038,2026-01-10 12:32:02.435419,115
C043,2026-01-11 12:32:02.435464,188
C056,2026-01-27 12:32:02.435509,247
C035,2026-01-05 12:32:02.435554,386
C011,2026-01-24 12:32:02.435599,383
C035,2026-01-26 12:32:02.435643,368
C011,2026-01-28 12:32:02.435688,195
C091,2026-01-03 12:32:02.435732,401
C052,2026-01-05 12:32:02.435777,189
C079,2026-01-29 12:32:02.435821,162
C034,2026-01-23 12:32:02.435877,202
C057,2026-01-04 12:32:02.435931,213
C088,2026-01-17 12:32:02.435993,230
C034,2026-01-07 12:32:02.436038,170
C083,2026-01-06 12:32:02.436089,230
C045,2026-01-08 12:32:02.436134,137
C051,2026-01-12 12:32:02.436179,424
C016,2026-01-10 12:32:02.436224,394
C002,2026-01-23 12:32:02.436297,420
C072,2026-01-16 12:32:02.436342,242
C026,2026-01-12 12:32:02.436387,110
C051,2026-01-21 12:32:02.436432,237
C100,2026-01-17 12:32:02.436476,381
C018,2026-01-14 12:32:02.436522,428
C012,2026-01-05 12:32:02.436574,451
C082,2026-01-11 12:32:02.436622,483
C055,2025-12-31 12:32:02.436668,301
C077,2026-01-11 12:32:02.436713,111
C022,2025-12-31 12:32:02.436758,230
C070,2026-01-20 12:32:02.436802,444
C100,2026-01-12 12:32:02.436847,389
C072,2026-01-10 12:32:02.436892,316
C080,2026-01-09 12:32:02.436937,361
C011,2026-01-28 12:32:02.436995,473
C022,2026-01-13 12:32:02.437068,251
C037,2026-01-23 12:32:02.437113,495
C063,2026-01-23 12:32:02.437158,254
C066,2026-01-21 12:32:02.437202,437
C051,2026-01-17 12:32:02.437247,459
C060,2026-01-05 12:32:02.437322,369
C019,2026-01-19 12:32:02.437367,487
C085,2026-01-19 12:32:02.437412,486
C090,2025-12-31 12:32:02.437463,134
C016,2026-01-22 12:32:02.437507,294
C001,2026-01-26 12:32:02.437552,178
C093,2026-01-19 12:32:02.437597,140
C020,2026-01-13 12:32:02.437641,420
C035,2026-01-11 12:32:02.437686,274
C017,2026-01-15 12:32:02.437731,282
C006,2026-01-23 12:32:02.437775,430
C034,2026-01-09 12:32:02.437825,291
C054,2026-01-22 12:32:02.437870,462
C089,2026-01-11 12:32:02.437915,213
C036,2026-01-11 12:32:02.437960,200
C035,2026-01-24 12:32:02.438004,316
C041,2026-01-05 12:32:02.438050,299
C018,2026-01-15 12:32:02.438107,389
C006,2026-01-16 12:32:02.438175,414
C090,2026-01-16 12:32:02.438225,493
C040,2026-01-13 12:32:02.438296,363
C099,2026-01-25 12:32:02.438341,309
C054,2026-01-16 12:32:02.438388,207
C054,2026-01-12 12:32:02.438433,264
C064,2026-01-24 12:32:02.438478,150
C005,2026-01-19 12:32:02.438523,336
C095,2026-01-27 12:32:02.438568,382
C085,2026-01-27 12:32:02.438618,412
C024,2026-01-20 12:32:02.438664,226
C081,2026-01-19 12:32:02.438709,362
C040,2026-01-06 12:32:02.438754,408
C089,2026-01-27 12:32:02.438799,456
C072,2026-01-01 12:32:02.438844,240
C044,2026-01-28 12:32:02.438899,353
C014,2026-01-02 12:32:02.438947,470
C033,2026-01-13 12:32:02.439005,272
C068,2026-01-19 12:32:02.439051,377
C055,2026-01-18 12:32:02.439095,338
C014,2026-01-18 12:32:02.439140,127
C005,2026-01-10 12:32:02.439190,115
C017,2026-01-08 12:32:02.439247,222
C057,2026-01-25 12:32:02.439316,400
C024,2026-01-13 12:32:02.439361,158
C067,2026-01-24 12:32:02.439406,244
C017,2026-01-10 12:32:02.439451,181
C050,2026-01-03 12:32:02.439496,107
C089,2026-01-06 12:32:02.439541,252
C045,2026-01-03 12:32:02.439598,252
C043,2026-01-09 12:32:02.439653,254
C071,2026-01-13 12:32:02.439698,101
C081,2026-01-14 12:32:02.439743,121
C021,2026-01-21 12:32:02.439788,408
C025,2026-01-20 12:32:02.439833,350
C082,2026-01-18 12:32:02.439878,357
C010,2026-01-25 12:32:02.439923,499
C013,2026-01-15 12:32:02.439968,199
C038,2026-01-23 12:32:02.440013,104
C082,2026-01-14 12:32:02.440058,295
C027,2026-01-15 12:32:02.440103,305
C052,2026-01-04 12:32:02.440148,491
C071,2026-01-20 12:32:02.440193,398
C026,2026-01-14 12:32:02.440237,365
C086,2026-01-20 12:32:02.440303,393
C070,2026-01-14 12:32:02.440351,475
C056,2026-01-18 12:32:02.440409,297
C078,2026-01-28 12:32:02.440454,428
C005,2026-01-26 12:32:02.440499,416
C027,2026-01-11 12:32:02.440544,160
C018,2026-01-02 12:32:02.440589,144
C054,2026-01-25 12:32:02.440638,187
C055,2026-01-21 12:32:02.440684,110
C044,2026-01-01 12:32:02.440729,159
C033,2026-01-16 12:32:02.440773,314
C078,2026-01-28 12:32:02.440818,230
C076,2026-01-02 12:32:02.440863,177
C068,2025-12-31 12:32:02.440908,294
C069,2026-01-01 12:32:02.440952,284
C040,2026-01-02 12:32:02.440997,441
C026,2026-01-10 12:32:02.441043,224
C068,2026-01-07 12:32:02.441087,422
C008,2026-01-13 12:32:02.441133,131
C081,2026-01-23 12:32:02.441177,379
C076,2026-01-12 12:32:02.441222,315
C034,2026-01-26 12:32:02.441286,136
C028,2026-01-23 12:32:02.441343,160
C087,2026-01-07 12:32:02.441388,296
C015,2026-01-01 12:32:02.441444,327
C023,2026-01-25 12:32:02.441505,410
C060,2026-01-14 12:32:02.441550,318
C075,2026-01-10 12:32:02.441595,304
C065,2026-01-15 12:32:02.441640,485
C032,2026-01-06 12:32:02.441690,211
C050,2026-01-03 12:32:02.441736,396
C012,2026-01-22 12:32:02.441780,290
C068,2026-01-27 12:32:02.441825,169
C055,2026-01-18 12:32:02.441870,286
C067,2026-01-08 12:32:02.441929,187
C039,2026-01-11 12:32:02.441980,333
C085,2026-01-05 12:32:02.442045,318
C011,2026-01-29 12:32:02.442090,198
C031,2026-01-11 12:32:02.442143,282
C042,2025-12-31 12:32:02.442190,309
C012,2026-01-08 12:32:02.442236,486
C052,2026-01-28 12:32:02.442316,477
C075,2025-12-31 12:32:02.442363,337
C089,2026-01-01 12:32:02.442408,411
C007,2026-01-03 12:32:02.442453,201
C099,2025-12-31 12:32:02.442498,121
C076,2026-01-05 12:32:02.442557,139
C035,2026-01-27 12:32:02.442612,413
C002,2026-01-29 12:32:02.442657,241
C049,2026-01-21 12:32:02.442702,485
C043,2026-01-13 12:32:02.442751,454
C064,2026-01-13 12:32:02.442797,303
C053,2026-01-25 12:32:02.442842,358
C088,2026-01-25 12:32:02.442887,471
C019,2026-01-04 12:32:02.442931,397
C081,2026-01-07 12:32:02.442976,299
C047,2026-01-12 12:32:02.443021,268
C028,2026-01-16 12:32:02.443066,408
C036,2026-01-06 12:32:02.443111,271
C048,2026-01-10 12:32:02.443156,210
C009,2026-01-12 12:32:02.443201,248
C065,2026-01-14 12:32:02.443246,307
C014,2026-01-03 12:32:02.443322,112
C068,2026-01-23 12:32:02.443368,434
C022,2026-01-03 12:32:02.443413,432
C038,2026-01-12 12:32:02.443458,134
C034,2026-01-06 12:32:02.443503,472
C021,2026-01-12 12:32:02.443548,330
C068,2026-01-15 12:32:02.443592,293
C003,2026-01-11 12:32:02.443659,244
C026,2026-01-22 12:32:02.443704,369
C023,2026-01-05 12:32:02.443749,386
C014,2026-01-08 12:32:02.443811,185
C055,2026-01-18 12:32:02.443858,483
C019,2026-01-25 12:32:02.443903,255
C082,2026-01-04 12:32:02.443948,154
C005,2026-01-26 12:32:02.443992,485
C050,2026-01-20 12:32:02.444037,358
C001,2026-01-25 12:32:02.444082,460
C072,2026-01-29 12:32:02.444127,408
C068,2026-01-19 12:32:02.444172,283
C091,2026-01-14 12:32:02.444216,285
C092,2026-01-05 12:32:02.444279,420
C038,2026-01-10 12:32:02.444329,199
C008,2026-01-24 12:32:02.444393,174
C076,2026-01-01 12:32:02.444439,409
C067,2026-01-11 12:32:02.444485,369
C048,2026-01-20 12:32:02.444530,325
C100,2026-01-01 12:32:02.444575,191
C029,2026-01-07 12:32:02.444620,373
C014,2026-01-20 12:32:02.444665,439
C073,2026-01-19 12:32:02.444728,488
C066,2026-01-09 12:32:02.444796,134
C004,2026-01-18 12:32:02.444846,286
C052,2026-01-06 12:32:02.444893,317
C077,2025-12-31 12:32:02.444938,467
C082,2026-01-14 12:32:02.444983,353
C015,2026-01-20 12:32:02.445028,273
C034,2026-01-07 12:32:02.445072,471
C064,2026-01-23 12:32:02.445117,221
C067,2026-01-02 12:32:02.445161,325
C042,2026-01-02 12:32:02.445206,161
C077,2026-01-28 12:32:02.445271,140
C073,2026-01-18 12:32:02.445330,169
C075,2026-01-29 12:32:02.445376,251
C032,2026-01-02 12:32:02.445433,144
C009,2026-01-06 12:32:02.445479,449
C016,2026-01-26 12:32:02.445524,197
C034,2026-01-06 12:32:02.445569,428
C011,2026-01-05 12:32:02.445613,239
C015,2026-01-17 12:32:02.445662,340
C008,2026-01-14 12:32:02.445707,237
C035,2026-01-11 12:32:02.445752,170
C013,2026-01-25 12:32:02.445807,392
C079,2026-01-14 12:32:02.445855,330
C054,2026-01-22 12:32:02.445909,209
C087,2026-01-17 12:32:02.445954,469
C006,2026-01-26 12:32:02.445998,111
C019,2026-01-17 12:32:02.446043,474
C037,2026-01-15 12:32:02.446087,350
C082,2026-01-14 12:32:02.446132,446
C020,2026-01-15 12:32:02.446176,197
C022,2026-01-25 12:32:02.446220,272
C073,2026-01-07 12:32:02.446284,180
C076,2026-01-08 12:32:02.446333,126
C072,2026-01-20 12:32:02.446381,461
C085,2026-01-19 12:32:02.446429,164
C088,2026-01-23 12:32:02.446477,327
C014,2026-01-01 12:32:02.446537,385
C075,2026-01-19 12:32:02.446581,224
C039,2026-01-04 12:32:02.446626,192
C009,2026-01-14 12:32:02.446670,136
C050,2026-01-20 12:32:02.446715,293
C006,2026-01-13 12:32:02.446760,471
C060,2026-01-13 12:32:02.446805,401
C010,2025-12-31 12:32:02.446857,204
C050,2026-01-16 12:32:02.446903,399
C033,2026-01-12 12:32:02.446948,222
C005,2026-01-16 12:32:02.446993,179
C067,2026-01-22 12:32:02.447037,409
C100,2026-01-23 12:32:02.447082,133
C046,2026-01-19 12:32:02.447126,380
C013,2026-01-28 12:32:02.447172,378
C005,2026-01-26 12:32:02.447247,314
C013,2026-01-21 12:32:02.447325,474
C042,2026-01-18 12:32:02.447370,279
C054,2026-01-16 12:32:02.447416,230
C092,2026-01-20 12:32:02.447461,154
C045,2026-01-27 12:32:02.447506,183
C009,2026-01-23 12:32:02.447551,205
C043,2026-01-04 12:32:02.447596,236
C061,2026-01-18 12:32:02.447641,384
C049,2026-01-19 12:32:02.447685,492
C070,2026-01-05 12:32:02.447730,165
C050,2026-01-19 12:32:02.447775,116
C028,2026-01-24 12:32:02.447820,171
C094,2026-01-26 12:32:02.447865,467
C076,2026-01-11 12:32:02.447922,270
C030,2026-01-14 12:32:02.447979,246
C040,2026-01-01 12:32:02.448025,185
C079,2026-01-14 12:32:02.448070,256
C023,2026-01-09 12:32:02.448115,396
C053,2026-01-23 12:32:02.448160,264
C067,2026-01-07 12:32:02.448205,193
C095,2026-01-21 12:32:02.448265,303
C027,2026-01-05 12:32:02.448324,418
C093,2026-01-26 12:32:02.448370,478
C221,2025-11-13 12:32:02.448436,91
C133,2025-10-13 12:32:02.448504,57
C169,2025-10-11 12:32:02.448566,49
C138,2025-10-02 12:32:02.448627,77
C295,2025-11-21 12:32:02.448688,40
C116,2025-11-04 12:32:02.448748,25
C239,2025-11-22 12:32:02.448809,86
C188,2025-11-24 12:32:02.448870,27
C298,2025-11-04 12:32:02.448930,21
C294,2025-11-15 12:32:02.449003,49
C181,2025-10-10 12:32:02.449083,93
C133,2025-11-26 12:32:02.449144,29
C216,2025-11-15 12:32:02.449205,24
C221,2025-10-08 12:32:02.449283,85
C191,2025-10-28 12:32:02.449356,24
C102,2025-10-20 12:32:02.449417,96
C235,2025-11-10 12:32:02.449477,25
C220,2025-10-22 12:32:02.449537,39
C106,2025-11-19 12:32:02.449598,42
C136,2025-11-23 12:32:02.449669,45
C238,2025-10-18 12:32:02.449741,49
C242,2025-10-22 12:32:02.449801,88
C201,2025-10-08 12:32:02.449861,28
C149,2025-10-07 12:32:02.449922,81
C291,2025-10-22 12:32:02.449983,97
C297,2025-10-31 12:32:02.450044,36
C222,2025-11-24 12:32:02.450116,58
C161,2025-11-17 12:32:02.450181,84
C161,2025-10-21 12:32:02.450259,91
C188,2025-10-03 12:32:02.450332,20
C137,2025-11-04 12:32:02.450393,28
C244,2025-10-31 12:32:02.450453,94
C136,2025-11-07 12:32:02.450513,22
C143,2025-10-14 12:32:02.450578,94
C104,2025-11-27 12:32:02.450639,22
C174,2025-10-24 12:32:02.450700,49
C265,2025-11-09 12:32:02.450760,98
C210,2025-10-19 12:32:02.450820,58
C162,2025-11-23 12:32:02.450880,41
C142,2025-11-20 12:32:02.450940,85
C258,2025-10-22 12:32:02.451001,96
C252,2025-10-28 12:32:02.451061,27
C262,2025-11-24 12:32:02.451121,68
C210,2025-10-13 12:32:02.451181,99
C188,2025-11-09 12:32:02.451241,74
C120,2025-11-29 12:32:02.451332,86
C224,2025-11-01 12:32:02.451392,65
C140,2025-10-06 12:32:02.451452,25
C138,2025-10-04 12:32:02.451512,21
C153,2025-10-26 12:32:02.451573,32
C198,2025-11-29 12:32:02.451633,94
C243,2025-10-24 12:32:02.451693,81
C109,2025-11-02 12:32:02.451754,20
C175,2025-10-14 12:32:02.451818,27
C150,2025-10-02 12:32:02.451879,62
C255,2025-11-15 12:32:02.451940,67
C288,2025-11-10 12:32:02.452000,55
C210,2025-10-04 12:32:02.452060,52
C280,2025-11-14 12:32:02.452121,99
C133,2025-11-03 12:32:02.452181,52
C103,2025-11-22 12:32:02.452291,44
C266,2025-10-24 12:32:02.452353,64
C150,2025-11-09 12:32:02.452443,21
C227,2025-10-21 12:32:02.452505,89
C205,2025-10-09 12:32:02.452579,46
C280,2025-11-06 12:32:02.452646,48
C268,2025-10-17 12:32:02.452707,54
C231,2025-11-22 12:32:02.452767,45
C166,2025-11-21 12:32:02.452828,57
C295,2025-10-22 12:32:02.452888,34
C243,2025-11-25 12:32:02.452949,96
C151,2025-10-21 12:32:02.453009,64
C268,2025-11-16 12:32:02.453069,61
C231,2025-11-18 12:32:02.453130,54
C220,2025-10-25 12:32:02.453191,72
C274,2025-11-18 12:32:02.453271,27
C140,2025-10-29 12:32:02.453361,68
C105,2025-10-23 12:32:02.453422,50
C197,2025-10-18 12:32:02.453482,48
C156,2025-11-01 12:32:02.453542,48
C225,2025-11-19 12:32:02.453619,49
C156,2025-10-08 12:32:02.453681,60
C109,2025-10-13 12:32:02.453742,67
C268,2025-10-20 12:32:02.453803,86
C269,2025-11-07 12:32:02.453863,61
C273,2025-11-01 12:32:02.453923,58
C180,2025-11-04 12:32:02.453983,86
C236,2025-11-10 12:32:02.454044,51
C135,2025-10-05 12:32:02.454104,51
C257,2025-11-29 12:32:02.454164,85
C198,2025-10-29 12:32:02.454224,83
C210,2025-11-21 12:32:02.454306,90
C264,2025-11-20 12:32:02.454371,75
C249,2025-10-22 12:32:02.454443,43
C187,2025-10-19 12:32:02.454503,71
C284,2025-10-21 12:32:02.454563,38
C255,2025-10-24 12:32:02.454629,38
C231,2025-11-11 12:32:02.454692,36
C113,2025-11-03 12:32:02.454753,44
C202,2025-10-25 12:32:02.454814,42
C266,2025-10-03 12:32:02.454875,64
C247,2025-10-07 12:32:02.454946,40
C230,2025-10-16 12:32:02.455049,55
C225,2025-11-09 12:32:02.455162,38
C127,2025-10-09 12:32:02.455312,29
C244,2025-11-04 12:32:02.455442,32
C173,2025-10-31 12:32:02.455578,20
C120,2025-10-31 12:32:02.455698,80
C216,2025-11-27 12:32:02.455819,50
C271,2025-11-11 12:32:02.455995,22
C186,2025-11-15 12:32:02.456143,71
C107,2025-11-15 12:32:02.456304,89
C139,2025-10-20 12:32:02.456452,71
C167,2025-11-01 12:32:02.456540,43
C263,2025-11-22 12:32:02.456640,72
C176,2025-11-08 12:32:02.456743,74
C290,2025-11-29 12:32:02.456876,87
C117,2025-11-06 12:32:02.456998,65
C120,2025-11-24 12:32:02.457123,74
C130,2025-11-15 12:32:02.457283,25
C297,2025-10-30 12:32:02.457428,68
C193,2025-11-23 12:32:02.457574,83
C262,2025-10-20 12:32:02.457739,87
C206,2025-11-08 12:32:02.457912,81
C248,2025-11-12 12:32:02.458036,75
C214,2025-10-29 12:32:02.458158,82
C155,2025-11-25 12:32:02.458318,93
C294,2025-11-09 12:32:02.458451,87
C296,2025-10-18 12:32:02.458589,70
C173,2025-11-14 12:32:02.458677,87
C150,2025-10-19 12:32:02.458746,63
C235,2025-11-15 12:32:02.458815,47
C168,2025-11-01 12:32:02.458882,40
C215,2025-10-03 12:32:02.458988,20
C294,2025-11-30 12:32:02.459066,30
C114,2025-10-14 12:32:02.459133,26
C156,2025-11-04 12:32:02.459206,93
C117,2025-10-10 12:32:02.459307,46
C107,2025-11-11 12:32:02.459380,23
C289,2025-11-01 12:32:02.459442,76
C267,2025-11-26 12:32:02.459503,71
C131,2025-10-29 12:32:02.459564,20
C254,2025-11-01 12:32:02.459624,79
C226,2025-10-19 12:32:02.459696,61
C170,2025-11-09 12:32:02.459796,20
C209,2025-11-21 12:32:02.459873,87
C276,2025-10-28 12:32:02.459938,79
C262,2025-10-02 12:32:02.460003,89
C105,2025-10-03 12:32:02.460068,95
C175,2025-11-07 12:32:02.460133,62
C257,2025-11-30 12:32:02.460198,72
C253,2025-10-13 12:32:02.460276,48
C255,2025-11-26 12:32:02.460342,79
C160,2025-11-01 12:32:02.460407,75
C154,2025-10-20 12:32:02.460473,72
C299,2025-10-26 12:32:02.460538,21
C255,2025-10-12 12:32:02.460604,48
C129,2025-11-22 12:32:02.460669,25
C152,2025-10-09 12:32:02.460733,63
C273,2025-10-16 12:32:02.460802,77
C116,2025-10-11 12:32:02.460886,67
C112,2025-11-11 12:32:02.460960,81
C193,2025-11-14 12:32:02.461027,21
C173,2025-11-29 12:32:02.461092,40
C244,2025-11-06 12:32:02.461157,72
C159,2025-10-22 12:32:02.461222,82
C277,2025-11-28 12:32:02.461300,35
C140,2025-11-07 12:32:02.461365,98
C206,2025-10-04 12:32:02.461430,33
C287,2025-10-04 12:32:02.461501,58
C186,2025-10-06 12:32:02.461566,53
C130,2025-11-19 12:32:02.461631,20
C248,2025-10-13 12:32:02.461695,62
C260,2025-11-05 12:32:02.461762,93
C284,2025-10-31 12:32:02.461827,39
C149,2025-10-25 12:32:02.461910,57
C101,2025-11-17 12:32:02.462007,63
C156,2025-10-03 12:32:02.462075,53
C125,2025-11-08 12:32:02.462140,84
C173,2025-11-01 12:32:02.462205,75
C121,2025-10-21 12:32:02.462290,26
C221,2025-11-14 12:32:02.462358,71
C185,2025-10-14 12:32:02.462423,97
C185,2025-10-25 12:32:02.462488,34
C196,2025-11-10 12:32:02.462553,65
C296,2025-11-26 12:32:02.462633,58
C206,2025-11-27 12:32:02.462700,27
C227,2025-10-25 12:32:02.462765,88
C133,2025-11-08 12:32:02.462829,75
C246,2025-10-08 12:32:02.462895,26
C197,2025-10-26 12:32:02.462960,78
C191,2025-10-06 12:32:02.463025,97
C283,2025-10-17 12:32:02.463091,93
C118,2025-10-27 12:32:02.463164,71
C208,2025-11-19 12:32:02.463230,36
C128,2025-11-06 12:32:02.463310,29
C200,2025-11-01 12:32:02.463376,71
C102,2025-11-04 12:32:02.463440,94
C275,2025-10-10 12:32:02.463516,82
C172,2025-11-26 12:32:02.463581,94
C258,2025-10-31 12:32:02.463645,83
C285,2025-11-14 12:32:02.463711,85
C277,2025-11-24 12:32:02.463776,94
C129,2025-11-27 12:32:02.463841,21
C250,2025-10-17 12:32:02.463937,58
C267,2025-11-23 12:32:02.464096,23
C121,2025-10-18 12:32:02.464196,49
C218,2025-11-09 12:32:02.464292,37
C171,2025-10-05 12:32:02.464365,20
C160,2025-10-08 12:32:02.464433,46
C288,2025-10-18 12:32:02.464500,85
C110,2025-10-04 12:32:02.464566,78
C251,2025-10-12 12:32:02.464633,59
C181,2025-10-30 12:32:02.464699,26
C223,2025-10-05 12:32:02.464765,58
C134,2025-11-24 12:32:02.464831,40
C134,2025-10-12 12:32:02.464897,78
C251,2025-10-25 12:32:02.464984,77
C234,2025-11-12 12:32:02.465052,65
C225,2025-11-03 12:32:02.465178,23
C181,2025-10-26 12:32:02.465300,37
C258,2025-10-08 12:32:02.465371,90
C257,2025-10-26 12:32:02.465438,65
C123,2025-10-11 12:32:02.465518,95
C168,2025-11-10 12:32:02.465588,48
C212,2025-11-05 12:32:02.465655,28
C198,2025-11-25 12:32:02.465723,29
C272,2025-10-22 12:32:02.465790,30
C244,2025-10-25 12:32:02.465858,27
C174,2025-10-31 12:32:02.465941,74
C267,2025-11-14 12:32:02.466007,35
C261,2025-10-31 12:32:02.466072,46
C139,2025-10-29 12:32:02.466137,91
C186,2025-10-23 12:32:02.466202,63
C180,2025-10-14 12:32:02.466287,35
C270,2025-11-26 12:32:02.466377,25
C234,2025-11-25 12:32:02.466444,55
C264,2025-10-22 12:32:02.466508,96
C130,2025-10-02 12:32:02.466573,64
C173,2025-10-07 12:32:02.466638,74
C238,2025-10-10 12:32:02.466703,21
C130,2025-10-10 12:32:02.466767,53
C278,2025-11-02 12:32:02.466832,56
C170,2025-10-24 12:32:02.466917,57
C228,2025-11-12 12:32:02.467051,74
C123,2025-10-08 12:32:02.467123,34
C123,2025-10-23 12:32:02.467190,44
C120,2025-11-11 12:32:02.467277,93
C104,2025-10-13 12:32:02.467349,41
C151,2025-11-18 12:32:02.467424,55
C211,2025-10-09 12:32:02.467519,98
C161,2025-11-17 12:32:02.467589,91
C127,2025-10-24 12:32:02.467657,29
C216,2025-11-09 12:32:02.467725,91
C175,2025-10-05 12:32:02.467792,84
C243,2025-11-11 12:32:02.467868,82
C249,2025-10-06 12:32:02.467936,46
C249,2025-10-07 12:32:02.468002,70
C232,2025-11-30 12:32:02.468068,64
C108,2025-11-19 12:32:02.468134,43
C108,2025-10-21 12:32:02.468200,96
C148,2025-11-29 12:32:02.468283,54
C263,2025-10-08 12:32:02.468350,63
C217,2025-11-02 12:32:02.468414,80
C300,2025-10-06 12:32:02.468479,40
C279,2025-11-27 12:32:02.468552,41
C297,2025-11-19 12:32:02.468619,61
C221,2025-10-04 12:32:02.468685,90
C216,2025-10-27 12:32:02.468749,47
C268,2025-10-02 12:32:02.468813,51
C129,2025-10-11 12:32:02.468878,96
C226,2025-11-02 12:32:02.468943,80
C133,2025-11-13 12:32:02.469008,74
C255,2025-11-19 12:32:02.469073,67
C203,2025-10-28 12:32:02.469138,39
C172,2025-10-06 12:32:02.469203,22
C149,2025-10-24 12:32:02.469283,88
C296,2025-10-20 12:32:02.469358,35
C244,2025-10-04 12:32:02.469441,40
C285,2025-11-19 12:32:02.469518,70
C156,2025-11-19 12:32:02.469584,70
C211,2025-10-22 12:32:02.469662,91
C142,2025-10-08 12:32:02.469728,68
C169,2025-10-21 12:32:02.469800,30
C248,2025-11-25 12:32:02.469882,48
C298,2025-11-06 12:32:02.469948,41
C108,2025-10-11 12:32:02.470013,93
C222,2025-11-22 12:32:02.470078,61
C218,2025-10-31 12:32:02.470148,46
C227,2025-10-13 12:32:02.470214,42
C252,2025-11-22 12:32:02.470299,64
C108,2025-10-31 12:32:02.470366,79
C109,2025-11-05 12:32:02.470432,52
C113,2025-10-21 12:32:02.470496,32
C271,2025-11-29 12:32:02.470561,42
C220,2025-11-14 12:32:02.470626,38
C249,2025-10-03 12:32:02.470691,84
C133,2025-10-26 12:32:02.470755,38
C221,2025-10-05 12:32:02.470820,36
C172,2025-11-06 12:32:02.470884,57
C123,2025-11-22 12:32:02.470949,68
C169,2025-10-11 12:32:02.471022,58
C292,2025-10-24 12:32:02.471088,65
C214,2025-11-23 12:32:02.471152,89
C240,2025-10-22 12:32:02.471216,23
C243,2025-11-06 12:32:02.471314,76
C207,2025-11-08 12:32:02.471382,74
C105,2025-10-18 12:32:02.471453,79
C222,2025-10-04 12:32:02.471518,41
C157,2025-11-25 12:32:02.471583,97
C175,2025-11-07 12:32:02.471648,82
C223,2025-10-21 12:32:02.471712,99
C287,2025-11-01 12:32:02.471780,46
C182,2025-10-22 12:32:02.471855,75
C158,2025-11-04 12:32:02.471920,91
C246,2025-11-08 12:32:02.471985,36
C154,2025-10-27 12:32:02.472050,44
C122,2025-10-17 12:32:02.472114,82
C187,2025-10-25 12:32:02.472179,35
C170,2025-11-24 12:32:02.472260,36
C284,2025-10-05 12:32:02.472328,45
C120,2025-11-26 12:32:02.472394,29
C288,2025-10-13 12:32:02.472458,94
C273,2025-11-21 12:32:02.472523,79
C257,2025-10-18 12:32:02.472588,75
C282,2025-10-11 12:32:02.472653,28
C175,2025-10-26 12:32:02.472717,76
C137,2025-10-15 12:32:02.472781,36
C300,2025-10-08 12:32:02.472846,82
C160,2025-10-18 12:32:02.472925,71
C114,2025-11-12 12:32:02.472990,65
C153,2025-10-08 12:32:02.473054,59
C141,2025-11-18 12:32:02.473118,77
C184,2025-10-24 12:32:02.473182,62
C238,2025-11-25 12:32:02.473246,72
C256,2025-11-22 12:32:02.473329,61
C143,2025-10-29 12:32:02.473395,72
C104,2025-11-13 12:32:02.473460,89
C182,2025-10-06 12:32:02.473524,86
C240,2025-10-25 12:32:02.473588,47
C288,2025-10-14 12:32:02.473652,49
C194,2025-11-06 12:32:02.473716,82
C116,2025-11-09 12:32:02.473781,34
C184,2025-11-09 12:32:02.473845,50
C104,2025-10-06 12:32:02.473910,29
C252,2025-10-10 12:32:02.473975,80
C252,2025-10-02 12:32:02.474077,28
C285,2025-10-13 12:32:02.474144,21
C167,2025-10-16 12:32:02.474219,98
C199,2025-11-13 12:32:02.474305,45
C260,2025-10-06 12:32:02.474371,49
C237,2025-11-09 12:32:02.474436,44
C246,2025-10-25 12:32:02.474501,83
C151,2025-11-10 12:32:02.474566,20
C198,2025-10-06 12:32:02.474631,87
C296,2025-10-19 12:32:02.474695,60
C133,2025-10-19 12:32:02.474762,90
C139,2025-11-24 12:32:02.474845,66
C265,2025-10-29 12:32:02.474911,42
C282,2025-10-15 12:32:02.474976,46
C251,2025-10-08 12:32:02.475062,54
C181,2025-10-02 12:32:02.475128,86
C111,2025-11-19 12:32:02.475193,60
C266,2025-11-25 12:32:02.475272,75
C170,2025-10-24 12:32:02.475345,53
C196,2025-11-19 12:32:02.475410,62
C237,2025-10-02 12:32:02.475513,98
C215,2025-10-19 12:32:02.475582,49
C232,2025-10-12 12:32:02.475656,81
C266,2025-11-27 12:32:02.475721,36
C266,2025-11-21 12:32:02.475785,46
C279,2025-10-28 12:32:02.475850,44
C283,2025-10-22 12:32:02.475915,76
C136,2025-10-06 12:32:02.475979,84
C233,2025-10-22 12:32:02.476044,76
C232,2025-10-14 12:32:02.476108,63
C270,2025-11-30 12:32:02.476173,49
C114,2025-11-17 12:32:02.476238,35
C262,2025-11-12 12:32:02.476328,80
C297,2025-11-18 12:32:02.476394,96
C259,2025-10-04 12:32:02.476459,72
C249,2025-11-15 12:32:02.476523,81
C274,2025-11-24 12:32:02.476588,36
C161,2025-11-28 12:32:02.476659,21
C257,2025-10-30 12:32:02.476724,28
C247,2025-11-25 12:32:02.476788,31
C260,2025-10-02 12:32:02.476853,73
C113,2025-11-27 12:32:02.476918,82
C110,2025-10-26 12:32:02.476982,86
C276,2025-11-26 12:32:02.477046,71
C139,2025-10-24 12:32:02.477111,49
C193,2025-10-07 12:32:02.477181,68
C286,2025-10-31 12:32:02.477296,61
C116,2025-10-06 12:32:02.477364,34
C266,2025-11-17 12:32:02.477456,95
C246,2025-11-23 12:32:02.477524,61
C233,2025-10-04 12:32:02.477590,84
C182,2025-11-18 12:32:02.477678,91
C199,2025-10-15 12:32:02.477744,31
C194,2025-10-30 12:32:02.477811,94
C151,2025-10-31 12:32:02.477876,62
C198,2025-10-07 12:32:02.477941,49
C206,2025-11-16 12:32:02.478006,28
C214,2025-10-13 12:32:02.478072,61
C199,2025-10-13 12:32:02.478137,61
C174,2025-11-28 12:32:02.478203,53
C145,2025-10-15 12:32:02.478292,61
C203,2025-11-18 12:32:02.478360,62
C278,2025-11-16 12:32:02.478426,75
C120,2025-10-11 12:32:02.478490,36
C229,2025-11-08 12:32:02.478555,47
C264,2025-10-30 12:32:02.478620,65
C171,2025-11-23 12:32:02.478685,61
C132,2025-11-09 12:32:02.478750,51
C297,2025-10-16 12:32:02.478815,46
C214,2025-11-02 12:32:02.478880,88
C205,2025-10-23 12:32:02.478954,63
C111,2025-11-13 12:32:02.479020,37
C134,2025-11-10 12:32:02.479085,90
C253,2025-11-22 12:32:02.479151,43
C252,2025-11-12 12:32:02.479217,52
C266,2025-11-22 12:32:02.479295,37
C223,2025-11-03 12:32:02.479376,91
C127,2025-10-23 12:32:02.479461,71
C194,2025-10-17 12:32:02.479527,29
C105,2025-11-11 12:32:02.479593,58
C210,2025-10-18 12:32:02.479658,28
C180,2025-11-22 12:32:02.479724,69
C241,2025-11-21 12:32:02.479789,78
C284,2025-10-10 12:32:02.479855,40
C173,2025-10-23 12:32:02.479968,70
C128,2025-10-18 12:32:02.480101,81
C265,2025-10-16 12:32:02.480185,59
C181,2025-11-19 12:32:02.480265,99
C196,2025-10-26 12:32:02.480334,60
C236,2025-11-20 12:32:02.480438,90
C172,2025-10-27 12:32:02.480570,65
C130,2025-10-06 12:32:02.480643,39
C234,2025-11-18 12:32:02.480711,82
C163,2025-10-15 12:32:02.480786,24
C265,2025-10-22 12:32:02.480919,77
C278,2025-11-15 12:32:02.480997,85
C152,2025-10-04 12:32:02.481064,66
C276,2025-11-01 12:32:02.481130,36
C133,2025-10-25 12:32:02.481197,93
C274,2025-11-07 12:32:02.481276,71
C282,2025-11-12 12:32:02.481383,51
C165,2025-10-18 12:32:02.481515,56
C291,2025-10-24 12:32:02.481586,53
C243,2025-10-09 12:32:02.481653,29
C180,2025-11-24 12:32:02.481719,22
C261,2025-11-30 12:32:02.481803,52
C207,2025-11-02 12:32:02.481872,75
C188,2025-11-23 12:32:02.481961,64
C230,2025-10-03 12:32:02.482035,33
C235,2025-11-03 12:32:02.482100,54
C130,2025-11-16 12:32:02.482166,90
C185,2025-11-30 12:32:02.482231,70
C105,2025-10-15 12:32:02.482309,62
C267,2025-11-27 12:32:02.482382,83
C118,2025-11-29 12:32:02.482455,34
C177,2025-11-11 12:32:02.482552,48
C266,2025-10-26 12:32:02.482645,45
C225,2025-10-28 12:32:02.482713,87
C277,2025-11-08 12:32:02.482780,94
C158,2025-11-26 12:32:02.482856,67
C162,2025-10-16 12:32:02.482936,84
C125,2025-10-12 12:32:02.483010,88
C246,2025-10-02 12:32:02.483076,92
C201,2025-10-07 12:32:02.483141,58
C260,2025-10-20 12:32:02.483206,79
C280,2025-11-23 12:32:02.483287,65
C153,2025-10-09 12:32:02.483353,95
C247,2025-11-05 12:32:02.483419,61
C250,2025-11-19 12:32:02.483484,98
C265,2025-11-06 12:32:02.483568,96
C214,2025-11-26 12:32:02.483634,90
C152,2025-11-17 12:32:02.483729,36
C205,2025-10-02 12:32:02.483796,25
C167,2025-10-26 12:32:02.483862,99
C272,2025-11-17 12:32:02.483926,37
C188,2025-11-17 12:32:02.484007,81
C128,2025-11-14 12:32:02.484074,22
C155,2025-11-07 12:32:02.484140,46
C257,2025-10-18 12:32:02.484230,46
C288,2025-11-12 12:32:02.484318,55
C288,2025-11-18 12:32:02.484386,63
C213,2025-11-09 12:32:02.484451,36
C175,2025-10-02 12:32:02.484516,40
C219,2025-11-02 12:32:02.484581,53
C111,2025-11-04 12:32:02.484645,34
C280,2025-10-11 12:32:02.484710,80
C188,2025-11-22 12:32:02.484774,72
C196,2025-11-09 12:32:02.484839,83
C117,2025-11-16 12:32:02.484903,34
C280,2025-11-30 12:32:02.484968,66
C176,2025-11-30 12:32:02.485032,59
C117,2025-11-09 12:32:02.485097,74
C248,2025-10-19 12:32:02.485162,90
C104,2025-11-07 12:32:02.485227,30
C167,2025-10-30 12:32:02.485310,63
C106,2025-11-15 12:32:02.485376,79
C235,2025-11-01 12:32:02.485441,21
C112,2025-10-28 12:32:02.485506,91
C216,2025-10-15 12:32:02.485571,76
C179,2025-11-15 12:32:02.485636,48
C149,2025-10-28 12:32:02.485742,47
C294,2025-10-30 12:32:02.485810,81
C126,2025-10-09 12:32:02.485875,40
C277,2025-10-25 12:32:02.485941,37
C177,2025-11-06 12:32:02.486016,47
C186,2025-11-10 12:32:02.486081,70
C204,2025-10-30 12:32:02.486146,94
C233,2025-11-03 12:32:02.486211,85
C173,2025-10-17 12:32:02.486303,80
C169,2025-11-22 12:32:02.486384,61
C147,2025-10-07 12:32:02.486450,54
C103,2025-10-09 12:32:02.486516,68
C256,2025-10-28 12:32:02.486581,79
C218,2025-10-06 12:32:02.486654,67
C283,2025-10-27 12:32:02.486720,78
C137,2025-11-09 12:32:02.486794,90
C249,2025-11-23 12:32:02.486874,55
C288,2025-11-02 12:32:02.486940,73
C273,2025-10-16 12:32:02.487006,45
C114,2025-10-17 12:32:02.487071,27
C292,2025-10-23 12:32:02.487135,20
C172,2025-11-19 12:32:02.487200,59
C217,2025-10-03 12:32:02.487283,83
C283,2025-10-02 12:32:02.487353,48
C220,2025-10-13 12:32:02.487418,96
C270,2025-11-22 12:32:02.487484,71
C300,2025-11-08 12:32:02.487549,84
C296,2025-11-21 12:32:02.487614,88
C161,2025-11-11 12:32:02.487678,78
C217,2025-11-02 12:32:02.487743,20
C298,2025-10-02 12:32:02.487808,70
C124,2025-11-15 12:32:02.487879,36
C216,2025-11-08 12:32:02.487982,63
C294,2025-10-05 12:32:02.488048,93
C188,2025-10-07 12:32:02.488113,35
C217,2025-11-04 12:32:02.488178,96
C185,2025-11-07 12:32:02.488433,50
C270,2025-11-26 12:32:02.488610,84
C246,2025-10-13 12:32:02.488751,50
C168,2025-10-29 12:32:02.488859,30
C228,2025-11-13 12:32:02.489018,32
C187,2025-11-18 12:32:02.489127,55
C112,2025-10-08 12:32:02.489202,89
C206,2025-11-12 12:32:02.489295,53
C199,2025-11-17 12:32:02.489364,45
C292,2025-10-23 12:32:02.489431,34
C211,2025-10-18 12:32:02.489497,91
C182,2025-11-21 12:32:02.489563,23
C261,2025-10-31 12:32:02.489629,79
C103,2025-10-26 12:32:02.489715,24
C262,2025-11-12 12:32:02.489803,59
C173,2025-10-11 12:32:02.489871,22
C187,2025-11-20 12:32:02.489937,94
C277,2025-10-09 12:32:02.490020,37
C148,2025-10-18 12:32:02.490087,60
C110,2025-10-25 12:32:02.490151,71
C112,2025-11-25 12:32:02.490225,24
C189,2025-10-05 12:32:02.490306,33
C171,2025-11-30 12:32:02.490372,58
C221,2025-10-13 12:32:02.490437,25
C273,2025-10-31 12:32:02.490501,61
C202,2025-11-22 12:32:02.490566,82
C195,2025-10-12 12:32:02.490631,96
C287,2025-10-24 12:32:02.490696,97
C217,2025-11-23 12:32:02.490761,89
C168,2025-10-06 12:32:02.490825,52
C228,2025-10-16 12:32:02.490889,90
C262,2025-11-24 12:32:02.490970,56
C265,2025-10-08 12:32:02.491043,48
C293,2025-11-30 12:32:02.491108,40
C180,2025-10-08 12:32:02.491173,99
C132,2025-10-11 12:32:02.491238,68
C119,2025-11-18 12:32:02.491321,52
C126,2025-10-08 12:32:02.491387,59
C174,2025-10-26 12:32:02.491452,53
C197,2025-11-01 12:32:02.491516,43
C171,2025-10-16 12:32:02.491581,47
C292,2025-10-09 12:32:02.491645,57
C145,2025-11-23 12:32:02.491710,31
C238,2025-10-20 12:32:02.491775,24
C232,2025-10-04 12:32:02.491839,79
C178,2025-11-28 12:32:02.491937,68
C241,2025-11-29 12:32:02.492078,25
C128,2025-11-04 12:32:02.492151,61
C156,2025-11-18 12:32:02.492221,96
C127,2025-11-30 12:32:02.492310,96
C249,2025-10-31 12:32:02.492378,86
C128,2025-10-08 12:32:02.492445,72
C214,2025-10-28 12:32:02.492512,65
C252,2025-10-27 12:32:02.492578,38
C235,2025-11-19 12:32:02.492644,95
C180,2025-11-10 12:32:02.492710,35
C259,2025-11-20 12:32:02.492775,40
C257,2025-10-02 12:32:02.492841,58
C484,2026-01-27 12:32:02.492911,22
C351,2026-01-29 12:32:02.492977,24
C322,2026-01-23 12:32:02.493043,42
C450,2026-01-26 12:32:02.493142,48
C429,2026-01-20 12:32:02.493219,12
C329,2026-01-28 12:32:02.493334,16
C381,2026-01-29 12:32:02.493408,20
C421,2026-01-29 12:32:02.493477,18
C495,2026-01-26 12:32:02.493544,36
C440,2026-01-29 12:32:02.493611,12
C488,2026-01-21 12:32:02.493677,44
C311,2026-01-23 12:32:02.493742,29
C488,2026-01-25 12:32:02.493807,28
C303,2026-01-26 12:32:02.493873,20
C458,2026-01-25 12:32:02.493938,28
C430,2026-01-20 12:32:02.494003,35
C384,2026-01-28 12:32:02.494069,48
C415,2026-01-26 12:32:02.494134,26
C405,2026-01-22 12:32:02.494199,16
C377,2026-01-28 12:32:02.494285,29
C415,2026-01-20 12:32:02.494353,39
C322,2026-01-20 12:32:02.494419,37
C363,2026-01-21 12:32:02.494484,49
C468,2026-01-26 12:32:02.494557,33
C310,2026-01-29 12:32:02.494622,24
C343,2026-01-21 12:32:02.494687,21
C426,2026-01-29 12:32:02.494753,16
C372,2026-01-29 12:32:02.494818,49
C427,2026-01-27 12:32:02.494883,48
C447,2026-01-28 12:32:02.494948,24
C322,2026-01-26 12:32:02.495013,44
C347,2026-01-22 12:32:02.495078,24
C484,2026-01-28 12:32:02.495143,24
C387,2026-01-29 12:32:02.495208,48
C373,2026-01-22 12:32:02.495295,16
C323,2026-01-23 12:32:02.495480,18
C302,2026-01-20 12:32:02.495550,36
C338,2026-01-21 12:32:02.495616,33
C423,2026-01-21 12:32:02.495689,27
C343,2026-01-29 12:32:02.495755,27
C404,2026-01-28 12:32:02.495819,49
C394,2026-01-26 12:32:02.495885,33
C482,2026-01-22 12:32:02.495950,11
C337,2026-01-26 12:32:02.496016,28
C323,2026-01-28 12:32:02.496081,32
C465,2026-01-25 12:32:02.496147,30
C406,2026-01-27 12:32:02.496212,42
C474,2026-01-23 12:32:02.496300,23
C395,2026-01-29 12:32:02.496366,35
C476,2026-01-24 12:32:02.496456,43
C361,2026-01-20 12:32:02.496531,43
C337,2026-01-25 12:32:02.496608,20
C481,2026-01-25 12:32:02.496669,39
C475,2026-01-25 12:32:02.496729,40
C351,2026-01-26 12:32:02.496789,41
C498,2026-01-21 12:32:02.496849,33
C301,2026-01-25 12:32:02.496909,17
C443,2026-01-21 12:32:02.496969,39
C338,2026-01-23 12:32:02.497066,46
C481,2026-01-22 12:32:02.497127,49
C375,2026-01-23 12:32:02.497188,31
C431,2026-01-24 12:32:02.497265,30
C427,2026-01-26 12:32:02.497343,48
C406,2026-01-21 12:32:02.497409,44
C414,2026-01-24 12:32:02.497473,20
C367,2026-01-29 12:32:02.497539,46
C356,2026-01-23 12:32:02.497610,43
C313,2026-01-29 12:32:02.497671,39
C432,2026-01-26 12:32:02.497730,49
C334,2026-01-20 12:32:02.497791,19
C381,2026-01-29 12:32:02.497853,26
C347,2026-01-22 12:32:02.497923,32
C359,2026-01-22 12:32:02.497984,22
C499,2026-01-29 12:32:02.498044,12
C430,2026-01-27 12:32:02.498104,29
C469,2026-01-25 12:32:02.498165,22
C345,2026-01-21 12:32:02.498226,43
C422,2026-01-22 12:32:02.498309,26
C319,2026-01-20 12:32:02.498381,34
C393,2026-01-20 12:32:02.498446,36
C484,2026-01-27 12:32:02.498506,39
C326,2026-01-21 12:32:02.498566,44
C358,2026-01-23 12:32:02.498662,39
C348,2026-01-22 12:32:02.498723,24
C398,2026-01-22 12:32:02.498783,44
C464,2026-01-27 12:32:02.498843,30
C497,2026-01-25 12:32:02.498904,30
C309,2026-01-29 12:32:02.498965,15
C313,2026-01-23 12:32:02.499025,27
C423,2026-01-22 12:32:02.499090,11
C370,2026-01-22 12:32:02.499151,41
C413,2026-01-25 12:32:02.499211,28
C500,2026-01-28 12:32:02.499307,19
C439,2026-01-25 12:32:02.499368,47
C431,2026-01-24 12:32:02.499429,37
C395,2026-01-23 12:32:02.499489,25
C485,2026-01-21 12:32:02.499550,17
C406,2026-01-20 12:32:02.499609,39
C316,2026-01-24 12:32:02.499670,30
C412,2026-01-27 12:32:02.499789,46
C408,2026-01-29 12:32:02.499850,23
C371,2026-01-24 12:32:02.499911,37
C478,2026-01-22 12:32:02.500031,22
C321,2026-01-22 12:32:02.500116,19
C330,2026-01-26 12:32:02.500178,19
C326,2026-01-20 12:32:02.500239,24
C454,2026-01-24 12:32:02.500331,23
C414,2026-01-27 12:32:02.500392,35
C469,2026-01-24 12:32:02.500458,38
C353,2026-01-24 12:32:02.500519,17
C337,2026-01-28 12:32:02.500579,33
C427,2026-01-24 12:32:02.500640,12
C301,2026-01-24 12:32:02.500700,28
C326,2026-01-24 12:32:02.500760,38
C441,2026-01-20 12:32:02.500820,17
C460,2026-01-25 12:32:02.500880,38
C443,2026-01-27 12:32:02.500940,25
C395,2026-01-25 12:32:02.501000,42
C452,2026-01-22 12:32:02.501060,19
C454,2026-01-28 12:32:02.501120,33
C419,2026-01-28 12:32:02.501180,35
C490,2026-01-29 12:32:02.501240,49
C322,2026-01-20 12:32:02.501335,47
C466,2026-01-23 12:32:02.501408,17
C466,2026-01-25 12:32:02.501468,43
C416,2026-01-27 12:32:02.501527,23
C499,2026-01-22 12:32:02.501587,30
C359,2026-01-20 12:32:02.501647,43
C329,2026-01-29 12:32:02.501707,29
C395,2026-01-28 12:32:02.501767,37
C334,2026-01-21 12:32:02.501838,24
C477,2026-01-26 12:32:02.501909,47
C353,2026-01-25 12:32:02.501973,39
C476,2026-01-20 12:32:02.502033,15
C406,2026-01-20 12:32:02.502093,16
C441,2026-01-24 12:32:02.502153,33
C366,2026-01-28 12:32:02.502214,41
C475,2026-01-26 12:32:02.502306,23
C426,2026-01-22 12:32:02.502367,40
C345,2026-01-25 12:32:02.502428,30
C453,2026-01-25 12:32:02.502487,31
C375,2026-01-24 12:32:02.502547,25
C386,2026-01-21 12:32:02.502607,46
C310,2026-01-23 12:32:02.502667,41
C430,2026-01-22 12:32:02.502727,10
C377,2026-01-22 12:32:02.502787,22
C450,2026-01-24 12:32:02.502846,40
C405,2026-01-21 12:32:02.502918,36
C451,2026-01-20 12:32:02.503007,29
C491,2026-01-21 12:32:02.503067,22
C439,2026-01-28 12:32:02.503127,39
C421,2026-01-29 12:32:02.503187,16
C337,2026-01-22 12:32:02.503246,47
C321,2026-01-29 12:32:02.503340,26
C355,2026-01-25 12:32:02.503401,33
C345,2026-01-20 12:32:02.503460,39
C459,2026-01-21 12:32:02.503520,45
C398,2026-01-22 12:32:02.503579,10
C444,2026-01-29 12:32:02.503639,42
C457,2026-01-29 12:32:02.503699,11
C322,2026-01-25 12:32:02.503789,29
C398,2026-01-27 12:32:02.503850,13
C352,2026-01-27 12:32:02.503909,12
C428,2026-01-24 12:32:02.503969,17
C418,2026-01-20 12:32:02.504042,12
C404,2026-01-21 12:32:02.504136,39
C437,2026-01-27 12:32:02.504198,25
C437,2026-01-28 12:32:02.504277,14
C327,2026-01-20 12:32:02.504350,18
C430,2026-01-28 12:32:02.504410,41
C402,2026-01-25 12:32:02.504471,25
C369,2026-01-26 12:32:02.504531,31
C312,2026-01-23 12:32:02.504591,32
C310,2026-01-26 12:32:02.504651,16
C459,2026-01-21 12:32:02.504710,11
C402,2026-01-27 12:32:02.504775,39
C357,2026-01-21 12:32:02.504838,11
C471,2026-01-22 12:32:02.504898,47
C450,2026-01-29 12:32:02.504959,33
C472,2026-01-25 12:32:02.505019,14
C444,2026-01-25 12:32:02.505079,11
C389,2026-01-25 12:32:02.505149,34
C342,2026-01-29 12:32:02.505214,13
C453,2026-01-23 12:32:02.505303,18
C354,2026-01-21 12:32:02.505365,42
C349,2026-01-25 12:32:02.505425,15
C439,2026-01-29 12:32:02.505486,12
C301,2026-01-27 12:32:02.505546,32
C317,2026-01-28 12:32:02.505606,36
C471,2026-01-29 12:32:02.505666,21
C344,2026-01-24 12:32:02.505725,29
C400,2026-01-29 12:32:02.505785,35
C375,2026-01-29 12:32:02.505845,37
C351,2026-01-28 12:32:02.505904,40
C491,2026-01-20 12:32:02.505970,20
C412,2026-01-24 12:32:02.506030,31
C437,2026-01-29 12:32:02.506090,15
C488,2026-01-26 12:32:02.506150,15
C373,2026-01-20 12:32:02.506210,20
C301,2026-01-22 12:32:02.506318,41
C402,2026-01-22 12:32:02.506393,23
C375,2026-01-25 12:32:02.506454,21
C436,2026-01-21 12:32:02.506525,43
C333,2026-01-23 12:32:02.506585,11
C355,2026-01-28 12:32:02.506644,28
C349,2026-01-26 12:32:02.506704,40
C342,2026-01-23 12:32:02.506763,21
C381,2026-01-25 12:32:02.506823,28
C328,2026-01-27 12:32:02.506883,28
C448,2026-01-27 12:32:02.506942,36
C407,2026-01-21 12:32:02.507002,19
C324,2026-01-28 12:32:02.507062,46
C475,2026-01-25 12:32:02.507121,38
C352,2026-01-22 12:32:02.507181,18
C303,2026-01-26 12:32:02.507240,18
C492,2026-01-25 12:32:02.507328,26
C400,2026-01-25 12:32:02.507394,23
C357,2026-01-24 12:32:02.507487,19
C459,2026-01-23 12:32:02.507549,17
C397,2026-01-21 12:32:02.507609,15
C500,2026-01-23 12:32:02.507669,28
C302,2026-01-22 12:32:02.507728,10
C421,2026-01-26 12:32:02.507788,20
C360,2026-01-25 12:32:02.507847,13
C422,2026-01-28 12:32:02.507907,28
C448,2026-01-29 12:32:02.507967,38
C495,2026-01-22 12:32:02.508027,14
C415,2026-01-25 12:32:02.508087,14
C399,2026-01-21 12:32:02.508147,46
C441,2026-01-21 12:32:02.508211,10
C391,2026-01-20 12:32:02.508297,48
C452,2026-01-20 12:32:02.508364,34
C389,2026-01-21 12:32:02.508428,35
C337,2026-01-21 12:32:02.508503,14
C352,2026-01-27 12:32:02.508563,35
C363,2026-01-24 12:32:02.508623,24
C353,2026-01-25 12:32:02.508697,39
C309,2026-01-20 12:32:02.508761,37
C396,2026-01-25 12:32:02.508822,37
C317,2026-01-28 12:32:02.508883,35
C393,2026-01-25 12:32:02.508943,49
C351,2026-01-22 12:32:02.509003,29
C335,2026-01-24 12:32:02.509073,35
C386,2026-01-22 12:32:02.509137,36
C310,2026-01-21 12:32:02.509202,19
C446,2026-01-28 12:32:02.509288,25
C338,2026-01-22 12:32:02.509351,35
C420,2026-01-26 12:32:02.509412,21
C312,2026-01-23 12:32:02.509472,17
C479,2026-01-21 12:32:02.509542,13
C368,2026-01-21 12:32:02.509632,39
C334,2026-01-24 12:32:02.509693,46
C477,2026-01-25 12:32:02.509754,20
C312,2026-01-27 12:32:02.509815,28
C466,2026-01-27 12:32:02.509875,45
C302,2026-01-29 12:32:02.509936,14
C402,2026-01-26 12:32:02.509996,13
C460,2026-01-23 12:32:02.510056,30
C433,2026-01-26 12:32:02.510124,21
C315,2026-01-29 12:32:02.510200,36
C337,2026-01-25 12:32:02.510287,16
C474,2026-01-26 12:32:02.510360,15
C480,2026-01-24 12:32:02.510422,14
C466,2026-01-26 12:32:02.510483,25
C483,2026-01-25 12:32:02.510543,21
C442,2026-01-22 12:32:02.510603,31
C393,2026-01-24 12:32:02.510674,22
C408,2026-01-22 12:32:02.510746,43
C454,2026-01-20 12:32:02.510806,29
C402,2026-01-24 12:32:02.510867,48
C439,2026-01-24 12:32:02.510927,30
C436,2026-01-22 12:32:02.510987,25
C487,2026-01-24 12:32:02.511047,30
C401,2026-01-29 12:32:02.511107,26
C421,2026-01-27 12:32:02.511167,23
C360,2026-01-20 12:32:02.511227,12
C437,2026-01-20 12:32:02.511325,22
C470,2026-01-22 12:32:02.511386,38
C414,2026-01-22 12:32:02.511453,22
C387,2026-01-22 12:32:02.511513,29
C422,2026-01-23 12:32:02.511572,15
C404,2026-01-23 12:32:02.511632,44
C477,2026-01-23 12:32:02.511692,29
C343,2026-01-23 12:32:02.511770,35
C308,2026-01-29 12:32:02.511853,42
C406,2026-01-25 12:32:02.511913,12
C382,2026-01-20 12:32:02.511974,30
C322,2026-01-24 12:32:02.512034,21
C398,2026-01-22 12:32:02.512094,40
C417,2026-01-20 12:32:02.512154,26
C414,2026-01-22 12:32:02.512215,37
C432,2026-01-21 12:32:02.512307,39
C371,2026-01-29 12:32:02.512369,40
C395,2026-01-26 12:32:02.512436,44
C359,2026-01-20 12:32:02.512496,42
C484,2026-01-23 12:32:02.512556,48
C337,2026-01-21 12:32:02.512617,26
C317,2026-01-23 12:32:02.512677,18
C451,2026-01-28 12:32:02.512737,35
C449,2026-01-25 12:32:02.512798,12
C342,2026-01-23 12:32:02.512858,36
C403,2026-01-23 12:32:02.512917,26
C366,2026-01-28 12:32:02.512985,35
C344,2026-01-21 12:32:02.513047,35
C449,2026-01-28 12:32:02.513107,20
C439,2026-01-29 12:32:02.513167,37
C350,2026-01-25 12:32:02.513227,44
C447,2026-01-26 12:32:02.513320,42
C371,2026-01-29 12:32:02.513381,21
C481,2026-01-20 12:32:02.513442,30
C475,2026-01-20 12:32:02.513502,16
C370,2026-01-23 12:32:02.513562,42
C419,2026-01-25 12:32:02.513622,28
C380,2026-01-28 12:32:02.513683,42
C484,2026-01-24 12:32:02.513743,10
C339,2026-01-23 12:32:02.513804,37
C400,2026-01-26 12:32:02.513878,11
C434,2026-01-27 12:32:02.513942,43
C409,2026-01-20 12:32:02.514016,17
C356,2026-01-26 12:32:02.514076,41
C441,2026-01-24 12:32:02.514137,49
C389,2026-01-25 12:32:02.514197,13
C448,2026-01-22 12:32:02.514275,32
C429,2026-01-24 12:32:02.514347,21
C409,2026-01-27 12:32:02.514408,34
C441,2026-01-25 12:32:02.514469,21
C423,2026-01-24 12:32:02.514537,49
C318,2026-01-23 12:32:02.514597,36
C409,2026-01-24 12:32:02.514658,19
C406,2026-01-26 12:32:02.514718,29
C370,2026-01-26 12:32:02.514778,35
C471,2026-01-26 12:32:02.514839,16
C320,2026-01-29 12:32:02.514899,30
C361,2026-01-23 12:32:02.514974,38
C500,2026-01-24 12:32:02.515045,44
C433,2026-01-22 12:32:02.515106,36
C357,2026-01-29 12:32:02.515170,49
C343,2026-01-25 12:32:02.515230,26
C340,2026-01-26 12:32:02.515328,20
C317,2026-01-25 12:32:02.515390,40
C356,2026-01-20 12:32:02.515451,16
C478,2026-01-24 12:32:02.515511,30
C465,2026-01-27 12:32:02.515572,46
C348,2026-01-23 12:32:02.515632,42
C429,2026-01-25 12:32:02.515692,28
C357,2026-01-22 12:32:02.515759,30
C473,2026-01-22 12:32:02.515822,14
C413,2026-01-23 12:32:02.515883,41
C373,2026-01-24 12:32:02.515943,44
C384,2026-01-24 12:32:02.516003,35
C438,2026-01-29 12:32:02.516092,33
C391,2026-01-28 12:32:02.516166,17
C401,2026-01-29 12:32:02.516227,10
C377,2026-01-20 12:32:02.516320,48
C477,2026-01-23 12:32:02.516381,49
C416,2026-01-22 12:32:02.516441,22
C310,2026-01-29 12:32:02.516502,30
C336,2026-01-22 12:32:02.516582,38
C313,2026-01-29 12:32:02.516645,26
C301,2026-01-20 12:32:02.516705,41
C395,2026-01-24 12:32:02.516765,22
C340,2026-01-27 12:32:02.516826,36
C464,2026-01-28 12:32:02.516896,34
C362,2026-01-21 12:32:02.516980,17
C313,2026-01-29 12:32:02.517040,35
C405,2026-01-23 12:32:02.517101,46
C479,2026-01-26 12:32:02.517173,12
C483,2026-01-26 12:32:02.517256,20
C469,2026-01-25 12:32:02.517331,42
C302,2026-01-29 12:32:02.517391,40
C342,2026-01-24 12:32:02.517451,46
C463,2026-01-20 12:32:02.517512,45
C342,2026-01-29 12:32:02.517572,30
C398,2026-01-28 12:32:02.517632,37
C443,2026-01-20 12:32:02.517692,12
C321,2026-01-25 12:32:02.517753,43
C437,2026-01-26 12:32:02.517813,32
C402,2026-01-21 12:32:02.517873,21
C428,2026-01-29 12:32:02.517933,24
C357,2026-01-21 12:32:02.517994,24
C375,2026-01-26 12:32:02.518054,47
C443,2026-01-26 12:32:02.518114,16
C408,2026-01-25 12:32:02.518175,19
C366,2026-01-20 12:32:02.518246,37
C397,2026-01-29 12:32:02.518331,18
C390,2026-01-26 12:32:02.518392,38
C405,2026-01-26 12:32:02.518452,40
C438,2026-01-26 12:32:02.518517,35
C376,2026-01-27 12:32:02.518579,47
C319,2026-01-28 12:32:02.518640,39
C314,2026-01-28 12:32:02.518757,13
C470,2026-01-24 12:32:02.518823,28
C408,2026-01-21 12:32:02.518883,21
C486,2026-01-24 12:32:02.518944,30
C325,2026-01-22 12:32:02.519005,22
C409,2026-01-25 12:32:02.519066,48
C480,2026-01-29 12:32:02.519126,46
C390,2026-01-27 12:32:02.519186,47
C355,2026-01-26 12:32:02.519246,44
C425,2026-01-21 12:32:02.519359,47
C447,2026-01-28 12:32:02.519420,18
C332,2026-01-27 12:32:02.519481,38
C465,2026-01-29 12:32:02.519541,14
C315,2026-01-28 12:32:02.519602,40
C327,2026-01-20 12:32:02.519662,13
C365,2026-01-22 12:32:02.519723,13
C391,2026-01-22 12:32:02.519783,37
C392,2026-01-25 12:32:02.519843,34
C455,2026-01-23 12:32:02.519904,45
C434,2026-01-27 12:32:02.519964,27
C393,2026-01-21 12:32:02.520024,41
C414,2026-01-21 12:32:02.520084,24
C406,2026-01-25 12:32:02.520145,27
C482,2026-01-23 12:32:02.520221,12
C434,2026-01-27 12:32:02.520320,25
C500,2026-01-27 12:32:02.520382,18
C379,2026-01-23 12:32:02.520442,39
C418,2026-01-26 12:32:02.520503,13
C336,2026-01-24 12:32:02.520563,17
C347,2026-01-25 12:32:02.520624,35
C367,2026-01-26 12:32:02.520691,39
C378,2026-01-25 12:32:02.520752,44
C303,2026-01-27 12:32:02.520812,45
C440,2026-01-23 12:32:02.520872,10
C349,2026-01-21 12:32:02.520932,41
C319,2026-01-22 12:32:02.520992,36
C433,2026-01-22 12:32:02.521053,27
C308,2026-01-29 12:32:02.521113,39
C414,2026-01-21 12:32:02.521173,11
C379,2026-01-29 12:32:02.521238,37
C464,2026-01-26 12:32:02.521326,34
C350,2026-01-22 12:32:02.521406,47
C458,2026-01-23 12:32:02.521479,29
C464,2026-01-27 12:32:02.521540,42
C399,2026-01-29 12:32:02.521600,43
C390,2026-01-26 12:32:02.521659,20
C344,2026-01-24 12:32:02.521720,26
C391,2026-01-26 12:32:02.521780,36
C374,2026-01-28 12:32:02.521840,37
C376,2026-01-22 12:32:02.521901,44
C335,2026-01-28 12:32:02.521961,18
C474,2026-01-28 12:32:02.522021,42
C363,2026-01-27 12:32:02.522082,35
C395,2026-01-26 12:32:02.522142,27
C332,2026-01-25 12:32:02.522271,15
C334,2026-01-25 12:32:02.522354,43
C427,2026-01-26 12:32:02.522418,33
C338,2026-01-23 12:32:02.522501,40
C414,2026-01-26 12:32:02.522631,41
C321,2026-01-24 12:32:02.522709,31
C372,2026-01-21 12:32:02.522777,14
C374,2026-01-26 12:32:02.522851,27
C316,2026-01-26 12:32:02.522918,33
C344,2026-01-20 12:32:02.522979,13
C427,2026-01-26 12:32:02.523041,48
C388,2026-01-25 12:32:02.523102,39
C311,2026-01-29 12:32:02.523163,49
C450,2026-01-20 12:32:02.523223,26
C397,2026-01-22 12:32:02.523327,49
C364,2026-01-25 12:32:02.523388,38
C309,2026-01-24 12:32:02.523449,18
C318,2026-01-23 12:32:02.523511,19
C405,2026-01-25 12:32:02.523572,18
C362,2026-01-27 12:32:02.523643,10
C390,2026-01-26 12:32:02.523732,25
C471,2026-01-25 12:32:02.523793,47
C429,2026-01-28 12:32:02.523853,10
C439,2026-01-20 12:32:02.523914,13
C381,2026-01-27 12:32:02.523974,24
C304,2026-01-20 12:32:02.524035,27
C333,2026-01-25 12:32:02.524095,33
C334,2026-01-24 12:32:02.524155,39
C474,2026-01-23 12:32:02.524221,26
C381,2026-01-25 12:32:02.524318,38
C448,2026-01-27 12:32:02.524380,15
C409,2026-01-20 12:32:02.524440,42
C495,2026-01-29 12:32:02.524501,14
C497,2026-01-22 12:32:02.524561,49
C387,2026-01-26 12:32:02.524621,28
C488,2026-01-23 12:32:02.524682,32
C347,2026-01-29 12:32:02.524753,38
C364,2026-01-20 12:32:02.524865,21
C410,2026-01-20 12:32:02.524942,37
C331,2026-01-20 12:32:02.525003,19
C376,2026-01-26 12:32:02.525070,28
C427,2026-01-26 12:32:02.525131,17
C322,2026-01-26 12:32:02.525192,12
C332,2026-01-20 12:32:02.525272,35
C341,2026-01-27 12:32:02.525345,15
C365,2026-01-27 12:32:02.525406,41
C466,2026-01-25 12:32:02.525467,23
C465,2026-01-20 12:32:02.525528,41
C418,2026-01-20 12:32:02.525589,43
C314,2026-01-29 12:32:02.525649,32
C342,2026-01-22 12:32:02.525709,38
C439,2026-01-28 12:32:02.525769,37
C434,2026-01-23 12:32:02.525830,21
C359,2026-01-24 12:32:02.525889,34
C344,2026-01-27 12:32:02.525974,31
C456,2026-01-28 12:32:02.526034,45
C320,2026-01-22 12:32:02.526094,17
C489,2026-01-22 12:32:02.526154,30
C484,2026-01-26 12:32:02.526214,30
C405,2026-01-20 12:32:02.526332,42
C475,2026-01-24 12:32:02.526398,43
C465,2026-01-25 12:32:02.526460,48
C430,2026-01-21 12:32:02.526520,32
C493,2026-01-29 12:32:02.526634,33
C394,2026-01-21 12:32:02.526698,12
C306,2026-01-24 12:32:02.526760,13
C466,2026-01-22 12:32:02.526820,32
C382,2026-01-20 12:32:02.526881,14
C362,2026-01-24 12:32:02.526942,22
C496,2026-01-24 12:32:02.527014,34
C482,2026-01-22 12:32:02.527118,31
C475,2026-01-20 12:32:02.527188,49
C391,2026-01-25 12:32:02.527271,18
C396,2026-01-28 12:32:02.527348,20
C479,2026-01-25 12:32:02.527409,47
C328,2026-01-20 12:32:02.527470,10
C495,2026-01-29 12:32:02.527531,24
C494,2026-01-24 12:32:02.527591,22
C452,2026-01-28 12:32:02.527652,12
C478,2026-01-23 12:32:02.527712,16
C309,2026-01-27 12:32:02.527773,38
C389,2026-01-24 12:32:02.527834,43
C368,2026-01-21 12:32:02.527895,20
C333,2026-01-24 12:32:02.527955,12
C392,2026-01-24 12:32:02.528015,16
C365,2026-01-26 12:32:02.528076,47
C487,2026-01-25 12:32:02.528148,29
C349,2026-01-21 12:32:02.528225,32
C355,2026-01-22 12:32:02.528314,10
C349,2026-01-25 12:32:02.528375,21
C387,2026-01-22 12:32:02.528442,21
C467,2026-01-28 12:32:02.528503,15
C418,2026-01-29 12:32:02.528563,40
C439,2026-01-20 12:32:02.528623,47
C367,2026-01-26 12:32:02.528684,19
C405,2026-01-25 12:32:02.528744,46
C368,2026-01-27 12:32:02.528804,28
C351,2026-01-20 12:32:02.528864,35
C335,2026-01-27 12:32:02.528924,43
C404,2026-01-22 12:32:02.528985,33
C457,2026-01-20 12:32:02.529044,41
C351,2026-01-21 12:32:02.529104,47
C431,2026-01-29 12:32:02.529164,48
C361,2026-01-26 12:32:02.529223,12
C342,2026-01-21 12:32:02.529351,46
C469,2026-01-28 12:32:02.529414,27
C414,2026-01-25 12:32:02.529474,34
C419,2026-01-24 12:32:02.529534,12
C445,2026-01-29 12:32:02.529594,38
C328,2026-01-25 12:32:02.529654,47
C348,2026-01-22 12:32:02.529714,34
C311,2026-01-29 12:32:02.529775,44
C399,2026-01-23 12:32:02.529835,37
C329,2026-01-20 12:32:02.529900,48
C461,2026-01-22 12:32:02.529961,48
C452,2026-01-21 12:32:02.530021,45
C365,2026-01-22 12:32:02.530081,28
C466,2026-01-27 12:32:02.530141,33
C415,2026-01-29 12:32:02.530201,22
C497,2026-01-26 12:32:02.530290,24
C431,2026-01-28 12:32:02.530365,17
C491,2026-01-25 12:32:02.530426,34
C393,2026-01-27 12:32:02.530486,47
C379,2026-01-21 12:32:02.530546,44
C424,2026-01-24 12:32:02.530607,49
C449,2026-01-26 12:32:02.530666,44
C313,2026-01-27 12:32:02.530726,26
C488,2026-01-21 12:32:02.530855,28
C340,2026-01-24 12:32:02.530918,35
C446,2026-01-25 12:32:02.530978,46
C418,2026-01-21 12:32:02.531039,11
C406,2026-01-28 12:32:02.531100,17
C439,2026-01-20 12:32:02.531159,45
C456,2026-01-22 12:32:02.531219,30
C322,2026-01-29 12:32:02.531309,46
C413,2026-01-20 12:32:02.531375,13
C403,2026-01-22 12:32:02.531455,43
C452,2026-01-22 12:32:02.531515,26
C394,2026-01-25 12:32:02.531576,45
C330,2026-01-22 12:32:02.531636,17
C432,2026-01-29 12:32:02.531696,49
C463,2026-01-27 12:32:02.531756,33
C313,2026-01-26 12:32:02.531816,45
C344,2026-01-25 12:32:02.531876,42
C353,2026-01-21 12:32:02.531940,44
C303,2026-01-27 12:32:02.532001,34
C401,2026-01-27 12:32:02.532061,17
C456,2026-01-22 12:32:02.532121,48
C359,2026-01-21 12:32:02.532181,35
C348,2026-01-21 12:32:02.532242,11
C374,2026-01-28 12:32:02.532340,20
C491,2026-01-26 12:32:02.532401,37
C323,2026-01-27 12:32:02.532473,18
C354,2026-01-27 12:32:02.532559,34
C330,2026-01-24 12:32:02.532619,39
C362,2026-01-29 12:32:02.532685,23
